_id,topic,payload.PM2,payload.Voltage2,payload.Current2,payload.Power2,payload.Prevoltage21,payload.Precurrent21,payload.Power21,payload.Iac21,payload.Prevoltage22,payload.Precurrent22,payload.Power22,payload.Iac22,payload.Prevoltage23,payload.Precurrent23,payload.Power23,payload.Iac23,payload.timestamp2,payload.timestamp,qos,retain,_msgid,payload.PM1,payload.Voltage1,payload.Current1,payload.Power1,payload.Prevoltage11,payload.Precurrent11,payload.Power11,payload.Iac11,payload.Prevoltage12,payload.Precurrent12,payload.Power12,payload.Iac12,payload.timestamp1
67fbc360a9c2c778b4c1d229,OCPP/SanKamphaeng6/PowerModule,3,455,194,88270,436,39,17004,24.54387990762125,436,39,17004,24.54387990762125,436,39,17004,24.54387990762125,2025-04-13T20:59:59.888288,2025-04-13T20:59:59.888345,0,false,067edeb9a93d3861,,,,,,,,,,,,,
67fbc36ca9c2c778b4c1d24b,OCPP/SanKamphaeng6/PowerModule,3,461,194,89434,442,39,17238,24.881639722863742,442,39,17238,24.881639722863742,442,39,17238,24.881639722863742,2025-04-13T21:00:12.115441,2025-04-13T21:00:12.115501,0,false,4bc894d6feb8dff5,,,,,,,,,,,,,
67fbc378a9c2c778b4c1d26e,OCPP/SanKamphaeng6/PowerModule,3,462,194,89628,443,39,17277,24.93793302540416,443,39,17277,24.93793302540416,443,39,17277,24.93793302540416,2025-04-13T21:00:24.340200,2025-04-13T21:00:24.340251,0,false,1ce8dd239aa96e36,,,,,,,,,,,,,
67fbc384a9c2c778b4c1d292,OCPP/SanKamphaeng6/PowerModule,3,462,194,89628,444,39,17316,24.994226327944574,444,39,17316,24.994226327944574,443,39,17277,24.93793302540416,2025-04-13T21:00:36.556750,2025-04-13T21:00:36.556804,0,false,f95b65e9a2dc0022,,,,,,,,,,,,,
67fbc390a9c2c778b4c1d2b3,OCPP/SanKamphaeng6/PowerModule,3,462,194,89628,444,39,17316,24.994226327944574,444,39,17316,24.994226327944574,443,39,17277,24.93793302540416,2025-04-13T21:00:48.775911,2025-04-13T21:00:48.775964,0,false,d0aebfbae058c371,,,,,,,,,,,,,
67fbc39da9c2c778b4c1d2d5,OCPP/SanKamphaeng6/PowerModule,3,462,194,89628,444,39,17316,24.994226327944574,444,39,17316,24.994226327944574,444,39,17316,24.994226327944574,2025-04-13T21:01:01.026307,2025-04-13T21:01:01.026360,0,false,9918db9136634e05,,,,,,,,,,,,,
67fbc3a9a9c2c778b4c1d2f7,OCPP/SanKamphaeng6/PowerModule,3,462,194,89628,444,39,17316,24.994226327944574,444,39,17316,24.994226327944574,444,39,17316,24.994226327944574,2025-04-13T21:01:13.256629,2025-04-13T21:01:13.256683,0,false,f544698302f389b6,,,,,,,,,,,,,
67fbc3b5a9c2c778b4c1d318,OCPP/SanKamphaeng6/PowerModule,3,463,194,89822,444,39,17316,24.994226327944574,444,39,17316,24.994226327944574,444,39,17316,24.994226327944574,2025-04-13T21:01:25.473196,2025-04-13T21:01:25.473258,0,false,63291207a456f00b,,,,,,,,,,,,,
67fbc3eca9c2c778b4c1d3a5,OCPP/SanKamphaeng6/PowerModule,3,463,194,89822,444,39,17316,24.994226327944574,444,39,17316,24.994226327944574,444,39,17316,24.994226327944574,2025-04-13T21:00:46.668150,2025-04-13T21:00:46.668202,0,false,5c6ed7ee016e1a52,,,,,,,,,,,,,
67fbc3f8a9c2c778b4c1d3c6,OCPP/SanKamphaeng6/PowerModule,3,463,194,89822,444,39,17316,24.994226327944574,444,39,17316,24.994226327944574,444,39,17316,24.994226327944574,2025-04-13T21:00:58.892414,2025-04-13T21:00:58.892458,0,false,9ddc117c15af43ce,,,,,,,,,,,,,
67fbc405a9c2c778b4c1d3e6,OCPP/SanKamphaeng6/PowerModule,3,463,194,89822,444,39,17316,24.994226327944574,444,39,17316,24.994226327944574,444,39,17316,24.994226327944574,2025-04-13T21:02:45.112863,2025-04-13T21:02:45.112922,0,false,202cadaa9538b73b,,,,,,,,,,,,,
67fbc411a9c2c778b4c1d408,OCPP/SanKamphaeng6/PowerModule,3,463,194,89822,444,39,17316,24.994226327944574,444,39,17316,24.994226327944574,444,39,17316,24.994226327944574,2025-04-13T21:02:57.355803,2025-04-13T21:02:57.355888,0,false,15df40cc2a8d6a15,,,,,,,,,,,,,
67fbc41da9c2c778b4c1d426,OCPP/SanKamphaeng6/PowerModule,3,463,194,89822,444,39,17316,24.994226327944574,444,39,17316,24.994226327944574,444,39,17316,24.994226327944574,2025-04-13T21:03:09.612470,2025-04-13T21:03:09.612524,0,false,e65e3e4f4e49228b,,,,,,,,,,,,,
67fbc429a9c2c778b4c1d441,OCPP/SanKamphaeng6/PowerModule,3,463,194,89822,445,39,17355,25.05051963048499,444,39,17316,24.994226327944574,444,39,17316,24.994226327944574,2025-04-13T21:03:21.824523,2025-04-13T21:03:21.824566,0,false,5c9b6ccaca3d3a67,,,,,,,,,,,,,
67fbc436a9c2c778b4c1d45f,OCPP/SanKamphaeng6/PowerModule,3,463,194,89822,445,39,17355,25.05051963048499,445,39,17355,25.05051963048499,444,39,17316,24.994226327944574,2025-04-13T21:03:34.052066,2025-04-13T21:03:34.052107,0,false,bdac873c7311284e,,,,,,,,,,,,,
67fbc442a9c2c778b4c1d47e,OCPP/SanKamphaeng6/PowerModule,3,463,194,89822,445,39,17355,25.05051963048499,445,39,17355,25.05051963048499,445,39,17355,25.05051963048499,2025-04-13T21:03:46.294983,2025-04-13T21:03:46.295026,0,false,35f052b85c2d1570,,,,,,,,,,,,,
67fbc44ea9c2c778b4c1d49f,OCPP/SanKamphaeng6/PowerModule,3,464,194,90016,445,39,17355,25.05051963048499,445,39,17355,25.05051963048499,445,39,17355,25.05051963048499,2025-04-13T21:03:58.509344,2025-04-13T21:03:58.509396,0,false,6780703c1d3b100e,,,,,,,,,,,,,
67fbc45aa9c2c778b4c1d4bb,OCPP/SanKamphaeng6/PowerModule,3,464,194,90016,445,39,17355,25.05051963048499,445,39,17355,25.05051963048499,445,39,17355,25.05051963048499,2025-04-13T21:04:10.737578,2025-04-13T21:04:10.737632,0,false,fb4965f505ddb90c,,,,,,,,,,,,,
67fbc467a9c2c778b4c1d4d9,OCPP/SanKamphaeng6/PowerModule,3,464,194,90016,445,39,17355,25.05051963048499,445,39,17355,25.05051963048499,445,39,17355,25.05051963048499,2025-04-13T21:04:22.960010,2025-04-13T21:04:22.960065,0,false,40578bdcc5885530,,,,,,,,,,,,,
67fbc473a9c2c778b4c1d4f8,OCPP/SanKamphaeng6/PowerModule,3,464,194,90016,445,39,17355,25.05051963048499,445,39,17355,25.05051963048499,445,39,17355,25.05051963048499,2025-04-13T21:04:35.181439,2025-04-13T21:04:35.181484,0,false,6aadfa4c511d0b30,,,,,,,,,,,,,
67fbc47fa9c2c778b4c1d516,OCPP/SanKamphaeng6/PowerModule,3,464,194,90016,446,39,17394,25.106812933025406,445,39,17355,25.05051963048499,445,39,17355,25.05051963048499,2025-04-13T21:04:47.407191,2025-04-13T21:04:47.407233,0,false,15bd3482b5059dc9,,,,,,,,,,,,,
67fbc48ba9c2c778b4c1d535,OCPP/SanKamphaeng6/PowerModule,3,464,194,90016,446,39,17394,25.106812933025406,446,39,17394,25.106812933025406,445,39,17355,25.05051963048499,2025-04-13T21:04:59.670163,2025-04-13T21:04:59.670205,0,false,b7dce483926fdc78,,,,,,,,,,,,,
67fbc497a9c2c778b4c1d553,OCPP/SanKamphaeng6/PowerModule,3,465,194,90210,446,39,17394,25.106812933025406,446,39,17394,25.106812933025406,446,39,17394,25.106812933025406,2025-04-13T21:05:11.909135,2025-04-13T21:05:11.909189,0,false,82d720502496d47b,,,,,,,,,,,,,
67fbc4a4a9c2c778b4c1d570,OCPP/SanKamphaeng6/PowerModule,3,465,194,90210,446,39,17394,25.106812933025406,446,39,17394,25.106812933025406,446,39,17394,25.106812933025406,2025-04-13T21:05:24.119604,2025-04-13T21:05:24.119655,0,false,34ce61f6885f0597,,,,,,,,,,,,,
67fbc4b0a9c2c778b4c1d58f,OCPP/SanKamphaeng6/PowerModule,3,465,194,90210,446,39,17394,25.106812933025406,446,39,17394,25.106812933025406,446,39,17394,25.106812933025406,2025-04-13T21:05:36.329360,2025-04-13T21:05:36.329423,0,false,76a521b86c1531f2,,,,,,,,,,,,,
67fbc4bda9c2c778b4c1d5af,OCPP/SanKamphaeng6/PowerModule,3,465,194,90210,446,39,17394,25.106812933025406,446,39,17394,25.106812933025406,446,39,17394,25.106812933025406,2025-04-13T21:05:48.568507,2025-04-13T21:05:48.568561,0,false,38bb503ffb860601,,,,,,,,,,,,,
67fbc4c8a9c2c778b4c1d5ce,OCPP/SanKamphaeng6/PowerModule,3,465,194,90210,447,39,17433,25.16310623556582,447,39,17433,25.16310623556582,446,39,17394,25.106812933025406,2025-04-13T21:06:00.812510,2025-04-13T21:06:00.812563,0,false,55a10292c3f4f660,,,,,,,,,,,,,
67fbc4d5a9c2c778b4c1d5eb,OCPP/SanKamphaeng6/PowerModule,3,466,194,90404,447,39,17433,25.16310623556582,447,39,17433,25.16310623556582,447,39,17433,25.16310623556582,2025-04-13T21:06:13.082529,2025-04-13T21:06:13.082582,0,false,b91f74261d20dc36,,,,,,,,,,,,,
67fbc4e1a9c2c778b4c1d607,OCPP/SanKamphaeng6/PowerModule,3,466,194,90404,447,39,17433,25.16310623556582,447,39,17433,25.16310623556582,447,39,17433,25.16310623556582,2025-04-13T21:06:25.305515,2025-04-13T21:06:25.305568,0,false,12b109d5226d1306,,,,,,,,,,,,,
67fbc4eda9c2c778b4c1d627,OCPP/SanKamphaeng6/PowerModule,3,466,194,90404,447,39,17433,25.16310623556582,447,39,17433,25.16310623556582,447,39,17433,25.16310623556582,2025-04-13T21:06:37.532678,2025-04-13T21:06:37.532731,0,false,1f3f3c67ca631a6f,,,,,,,,,,,,,
67fbc4f9a9c2c778b4c1d644,OCPP/SanKamphaeng6/PowerModule,3,466,194,90404,447,39,17433,25.16310623556582,447,39,17433,25.16310623556582,447,39,17433,25.16310623556582,2025-04-13T21:06:49.761605,2025-04-13T21:06:49.761658,0,false,e5a9e172aec5683b,,,,,,,,,,,,,
67fbc506a9c2c778b4c1d660,OCPP/SanKamphaeng6/PowerModule,3,466,194,90404,448,39,17472,25.219399538106238,447,39,17433,25.16310623556582,447,39,17433,25.16310623556582,2025-04-13T21:07:01.996554,2025-04-13T21:07:01.996606,0,false,a39f9a0eeea1d7d1,,,,,,,,,,,,,
67fbc512a9c2c778b4c1d67d,OCPP/SanKamphaeng6/PowerModule,3,467,194,90598,448,39,17472,25.219399538106238,448,39,17472,25.219399538106238,448,39,17472,25.219399538106238,2025-04-13T21:07:14.230027,2025-04-13T21:07:14.230080,0,false,8c993ec6565f6814,,,,,,,,,,,,,
67fbc51ea9c2c778b4c1d698,OCPP/SanKamphaeng6/PowerModule,3,467,194,90598,448,39,17472,25.219399538106238,448,39,17472,25.219399538106238,448,39,17472,25.219399538106238,2025-04-13T21:07:26.460150,2025-04-13T21:07:26.460201,0,false,f823b791de1b64ce,,,,,,,,,,,,,
67fbc52aa9c2c778b4c1d6b9,OCPP/SanKamphaeng6/PowerModule,3,467,194,90598,448,39,17472,25.219399538106238,448,39,17472,25.219399538106238,448,39,17472,25.219399538106238,2025-04-13T21:07:38.673446,2025-04-13T21:07:38.673500,0,false,bbf7b27a058f5f93,,,,,,,,,,,,,
67fbc536a9c2c778b4c1d6d8,OCPP/SanKamphaeng6/PowerModule,3,467,194,90598,448,39,17472,25.219399538106238,448,39,17472,25.219399538106238,448,39,17472,25.219399538106238,2025-04-13T21:07:50.907500,2025-04-13T21:07:50.907572,0,false,d15dc6077b015b6e,,,,,,,,,,,,,
67fbc543a9c2c778b4c1d6f7,OCPP/SanKamphaeng6/PowerModule,3,460,131,60260,443,26,11518,16.625288683602772,443,26,11518,16.625288683602772,443,26,11518,16.625288683602772,2025-04-13T21:08:03.127897,2025-04-13T21:08:03.127952,0,false,845accb2c05c490e,,,,,,,,,,,,,
67fbc54fa9c2c778b4c1d715,OCPP/SanKamphaeng6/PowerModule,3,458,116,53128,439,23,10097,14.574191685912242,439,23,10097,14.574191685912242,439,23,10097,14.574191685912242,2025-04-13T21:08:15.346399,2025-04-13T21:08:15.346454,0,false,f4aed5d14a36fccf,,,,,,,,,,,,,
67fbc55ba9c2c778b4c1d733,OCPP/SanKamphaeng6/PowerModule,3,457,116,53012,438,23,10074,14.540993071593535,438,23,10074,14.540993071593535,438,23,10074,14.540993071593535,2025-04-13T21:08:27.557861,2025-04-13T21:08:27.557918,0,false,39eaba9108187874,,,,,,,,,,,,,
67fbc567a9c2c778b4c1d753,OCPP/SanKamphaeng6/PowerModule,3,457,116,53012,438,23,10074,14.540993071593535,438,23,10074,14.540993071593535,438,23,10074,14.540993071593535,2025-04-13T21:08:39.781545,2025-04-13T21:08:39.781596,0,false,94db79d043f891f3,,,,,,,,,,,,,
67fbc574a9c2c778b4c1d771,OCPP/SanKamphaeng6/PowerModule,3,457,116,53012,438,23,10074,14.540993071593535,438,23,10074,14.540993071593535,438,23,10074,14.540993071593535,2025-04-13T21:08:52.008178,2025-04-13T21:08:52.008232,0,false,8f7071ce6cd19a77,,,,,,,,,,,,,
67fbc580a9c2c778b4c1d78f,OCPP/SanKamphaeng6/PowerModule,3,457,116,53012,438,23,10074,14.540993071593535,438,23,10074,14.540993071593535,438,23,10074,14.540993071593535,2025-04-13T21:09:04.237501,2025-04-13T21:09:04.237554,0,false,6d26bf863fb897ea,,,,,,,,,,,,,
67fbc58ca9c2c778b4c1d7ad,OCPP/SanKamphaeng6/PowerModule,3,457,116,53012,438,23,10074,14.540993071593535,438,23,10074,14.540993071593535,438,23,10074,14.540993071593535,2025-04-13T21:09:16.451524,2025-04-13T21:09:16.451576,0,false,8264b031bb6703bc,,,,,,,,,,,,,
67fbc598a9c2c778b4c1d7cb,OCPP/SanKamphaeng6/PowerModule,3,457,116,53012,438,23,10074,14.540993071593535,438,23,10074,14.540993071593535,438,23,10074,14.540993071593535,2025-04-13T21:09:28.671140,2025-04-13T21:09:28.671192,0,false,dfce04f25187f13e,,,,,,,,,,,,,
67fbc5a4a9c2c778b4c1d7ed,OCPP/SanKamphaeng6/PowerModule,3,0,0,0,457,0,0,0,457,0,0,0,457,0,0,0,2025-04-13T21:09:40.877910,2025-04-13T21:09:40.877963,0,false,30333a16bd5f8bec,,,,,,,,,,,,,
67fbc652a9c2c778b4c1d99f,OCPP/SanKamphaeng6/PowerModule,,,,,,,,,,,,,,,,,,2025-04-13T21:12:34.442344,0,false,ac30c1c2f06368be,2,451,116,52316,431,23,9913,14.308602771362587,431,23,9913,14.308602771362587,2025-04-13T21:12:34.442294
67fbc65ca9c2c778b4c1d9bb,OCPP/SanKamphaeng6/PowerModule,,,,,,,,,,,,,,,,,,2025-04-13T21:12:44.614637,0,false,6f908e4317ebf23f,2,456,116,52896,436,23,10028,14.474595842956122,436,23,10028,14.474595842956122,2025-04-13T21:12:44.614587
67fbc666a9c2c778b4c1d9d6,OCPP/SanKamphaeng6/PowerModule,,,,,,,,,,,,,,,,,,2025-04-13T21:12:54.788864,0,false,2b0db40904fc7258,2,457,116,53012,437,23,10051,14.507794457274828,437,23,10051,14.507794457274828,2025-04-13T21:12:54.788803
67fbc671a9c2c778b4c1d9f2,OCPP/SanKamphaeng6/PowerModule,,,,,,,,,,,,,,,,,,2025-04-13T21:13:04.984292,0,false,57edac048ffa52c0,2,457,116,53012,438,23,10074,14.540993071593535,437,23,10051,14.507794457274828,2025-04-13T21:13:04.984233
67fbc67ba9c2c778b4c1da0c,OCPP/SanKamphaeng6/PowerModule,,,,,,,,,,,,,,,,,,2025-04-13T21:13:15.163162,0,false,38c09e35ae8aee30,2,457,116,53012,438,23,10074,14.540993071593535,438,23,10074,14.540993071593535,2025-04-13T21:13:15.163111
67fbc685a9c2c778b4c1da28,OCPP/SanKamphaeng6/PowerModule,,,,,,,,,,,,,,,,,,2025-04-13T21:13:25.339045,0,false,68dc71e310a0f343,2,458,116,53128,438,23,10074,14.540993071593535,438,23,10074,14.540993071593535,2025-04-13T21:13:25.338997
67fbc68fa9c2c778b4c1da42,OCPP/SanKamphaeng6/PowerModule,,,,,,,,,,,,,,,,,,2025-04-13T21:13:35.521401,0,false,bd0cb2ac9e1e1356,2,458,116,53128,439,23,10097,14.574191685912242,438,23,10074,14.540993071593535,2025-04-13T21:13:35.521347
67fbc699a9c2c778b4c1da5c,OCPP/SanKamphaeng6/PowerModule,,,,,,,,,,,,,,,,,,2025-04-13T21:13:45.702589,0,false,9f85b00ddc1a6d9d,2,458,116,53128,439,23,10097,14.574191685912242,438,23,10074,14.540993071593535,2025-04-13T21:13:45.702541
67fbc6a3a9c2c778b4c1da77,OCPP/SanKamphaeng6/PowerModule,,,,,,,,,,,,,,,,,,2025-04-13T21:13:55.886193,0,false,6ad127451d525d67,2,458,116,53128,439,23,10097,14.574191685912242,438,23,10074,14.540993071593535,2025-04-13T21:13:55.886144
67fbc6aea9c2c778b4c1da94,OCPP/SanKamphaeng6/PowerModule,,,,,,,,,,,,,,,,,,2025-04-13T21:14:06.066133,0,false,b83e1bdb4e8362d2,2,458,116,53128,439,23,10097,14.574191685912242,438,23,10074,14.540993071593535,2025-04-13T21:14:06.066085
67fbc6b8a9c2c778b4c1daaf,OCPP/SanKamphaeng6/PowerModule,,,,,,,,,,,,,,,,,,2025-04-13T21:14:16.238804,0,false,0cc5498dfbeddb6a,2,458,116,53128,439,23,10097,14.574191685912242,438,23,10074,14.540993071593535,2025-04-13T21:14:16.238756
67fbc6c2a9c2c778b4c1dac9,OCPP/SanKamphaeng6/PowerModule,,,,,,,,,,,,,,,,,,2025-04-13T21:14:26.440535,0,false,4c8ab6e614103727,2,458,116,53128,439,23,10097,14.574191685912242,438,23,10074,14.540993071593535,2025-04-13T21:14:26.440487
67fbc6cca9c2c778b4c1dae2,OCPP/SanKamphaeng6/PowerModule,,,,,,,,,,,,,,,,,,2025-04-13T21:14:36.641822,0,false,3e8ba4297b06afde,2,458,116,53128,439,23,10097,14.574191685912242,438,23,10074,14.540993071593535,2025-04-13T21:14:36.641773
67fbc6d6a9c2c778b4c1dafc,OCPP/SanKamphaeng6/PowerModule,,,,,,,,,,,,,,,,,,2025-04-13T21:14:46.828173,0,false,415702a87011ebf1,2,458,116,53128,439,23,10097,14.574191685912242,438,23,10074,14.540993071593535,2025-04-13T21:14:46.828123
67fbc6e1a9c2c778b4c1db17,OCPP/SanKamphaeng6/PowerModule,,,,,,,,,,,,,,,,,,2025-04-13T21:14:57.012028,0,false,9e271beecdc64193,2,458,116,53128,439,23,10097,14.574191685912242,438,23,10074,14.540993071593535,2025-04-13T21:14:57.011980
67fbc6eba9c2c778b4c1db32,OCPP/SanKamphaeng6/PowerModule,,,,,,,,,,,,,,,,,,2025-04-13T21:15:07.196093,0,false,89d0eb58d7e143b2,2,458,116,53128,439,23,10097,14.574191685912242,438,23,10074,14.540993071593535,2025-04-13T21:15:07.196044
67fbc6f5a9c2c778b4c1db4e,OCPP/SanKamphaeng6/PowerModule,,,,,,,,,,,,,,,,,,2025-04-13T21:15:17.389187,0,false,60431126f4cd75b6,2,458,116,53128,439,23,10097,14.574191685912242,438,23,10074,14.540993071593535,2025-04-13T21:15:17.389136
67fbc6ffa9c2c778b4c1db69,OCPP/SanKamphaeng6/PowerModule,,,,,,,,,,,,,,,,,,2025-04-13T21:15:27.561219,0,false,b59471bb6b39807a,2,458,116,53128,439,23,10097,14.574191685912242,439,23,10097,14.574191685912242,2025-04-13T21:15:27.561170
67fbc709a9c2c778b4c1db84,OCPP/SanKamphaeng6/PowerModule,,,,,,,,,,,,,,,,,,2025-04-13T21:15:37.746885,0,false,08a709f96f977776,2,458,116,53128,439,23,10097,14.574191685912242,439,23,10097,14.574191685912242,2025-04-13T21:15:37.746837
67fbc713a9c2c778b4c1db9f,OCPP/SanKamphaeng6/PowerModule,,,,,,,,,,,,,,,,,,2025-04-13T21:15:47.909169,0,false,8b14d91b86e4d3e5,2,458,116,53128,439,23,10097,14.574191685912242,439,23,10097,14.574191685912242,2025-04-13T21:15:47.909121
67fbc71ea9c2c778b4c1dbba,OCPP/SanKamphaeng6/PowerModule,,,,,,,,,,,,,,,,,,2025-04-13T21:15:58.093053,0,false,0750cd99c7eead28,2,458,116,53128,439,23,10097,14.574191685912242,439,23,10097,14.574191685912242,2025-04-13T21:15:58.093005
67fbc728a9c2c778b4c1dbd6,OCPP/SanKamphaeng6/PowerModule,,,,,,,,,,,,,,,,,,2025-04-13T21:16:08.265922,0,false,109547fbc85aaa88,2,457,107,48899,438,21,9198,13.276558891454966,438,21,9198,13.276558891454966,2025-04-13T21:16:08.265874
67fbc732a9c2c778b4c1dbf5,OCPP/SanKamphaeng6/PowerModule,,,,,,,,,,,,,,,,,,2025-04-13T21:16:18.448513,0,false,c4486ff9b6a03a8e,2,457,107,48899,438,21,9198,13.276558891454966,438,21,9198,13.276558891454966,2025-04-13T21:16:18.448464
67fbc73ca9c2c778b4c1dc0f,OCPP/SanKamphaeng6/PowerModule,,,,,,,,,,,,,,,,,,2025-04-13T21:16:28.626560,0,false,2f5996de42b0b348,2,457,107,48899,438,21,9198,13.276558891454966,437,21,9177,13.246247113163973,2025-04-13T21:16:28.626512
67fbc746a9c2c778b4c1dc28,OCPP/SanKamphaeng6/PowerModule,,,,,,,,,,,,,,,,,,2025-04-13T21:16:38.813299,0,false,8d41883b682e6595,2,457,107,48899,438,21,9198,13.276558891454966,437,21,9177,13.246247113163973,2025-04-13T21:16:38.813253
67fbc751a9c2c778b4c1dc41,OCPP/SanKamphaeng6/PowerModule,,,,,,,,,,,,,,,,,,2025-04-13T21:16:49.001926,0,false,1dc16f94e2c98b38,2,457,107,48899,438,21,9198,13.276558891454966,437,21,9177,13.246247113163973,2025-04-13T21:16:49.001879
67fbc75ba9c2c778b4c1dc5c,OCPP/SanKamphaeng6/PowerModule,,,,,,,,,,,,,,,,,,2025-04-13T21:16:59.177659,0,false,3bbe84d97f989cd6,2,457,107,48899,438,21,9198,13.276558891454966,437,21,9177,13.246247113163973,2025-04-13T21:16:59.177612
67fbc765a9c2c778b4c1dc77,OCPP/SanKamphaeng6/PowerModule,,,,,,,,,,,,,,,,,,2025-04-13T21:17:09.348629,0,false,553032015738ebdf,2,457,107,48899,438,21,9198,13.276558891454966,437,21,9177,13.246247113163973,2025-04-13T21:17:09.348582
67fbc76fa9c2c778b4c1dc94,OCPP/SanKamphaeng6/PowerModule,,,,,,,,,,,,,,,,,,2025-04-13T21:17:19.527418,0,false,968245244d42c7d3,2,457,107,48899,438,21,9198,13.276558891454966,437,21,9177,13.246247113163973,2025-04-13T21:17:19.527371
67fbc779a9c2c778b4c1dcac,OCPP/SanKamphaeng6/PowerModule,,,,,,,,,,,,,,,,,,2025-04-13T21:17:29.719468,0,false,e7b9d6b9999c9058,2,457,107,48899,438,21,9198,13.276558891454966,437,21,9177,13.246247113163973,2025-04-13T21:17:29.719420
67fbc783a9c2c778b4c1dcc4,OCPP/SanKamphaeng6/PowerModule,,,,,,,,,,,,,,,,,,2025-04-13T21:17:39.907577,0,false,92a6b15abcdd509a,2,457,107,48899,438,21,9198,13.276558891454966,438,21,9198,13.276558891454966,2025-04-13T21:17:39.907529
67fbc78ea9c2c778b4c1dcde,OCPP/SanKamphaeng6/PowerModule,,,,,,,,,,,,,,,,,,2025-04-13T21:17:50.111054,0,false,b953413a67bc09fb,2,457,107,48899,438,21,9198,13.276558891454966,438,21,9198,13.276558891454966,2025-04-13T21:17:50.111005
67fbc798a9c2c778b4c1dcf8,OCPP/SanKamphaeng6/PowerModule,,,,,,,,,,,,,,,,,,2025-04-13T21:18:00.295727,0,false,6525c1bf3c408010,2,457,107,48899,438,21,9198,13.276558891454966,438,21,9198,13.276558891454966,2025-04-13T21:18:00.295671
67fbc7a2a9c2c778b4c1dd11,OCPP/SanKamphaeng6/PowerModule,,,,,,,,,,,,,,,,,,2025-04-13T21:18:10.489084,0,false,fa4c0c8b557fb703,2,457,107,48899,438,21,9198,13.276558891454966,438,21,9198,13.276558891454966,2025-04-13T21:18:10.489036
67fbc7aca9c2c778b4c1dd2c,OCPP/SanKamphaeng6/PowerModule,,,,,,,,,,,,,,,,,,2025-04-13T21:18:20.709318,0,false,021fddcb35e1a660,2,457,107,48899,438,21,9198,13.276558891454966,438,21,9198,13.276558891454966,2025-04-13T21:18:20.709261
67fbc7b6a9c2c778b4c1dd45,OCPP/SanKamphaeng6/PowerModule,,,,,,,,,,,,,,,,,,2025-04-13T21:18:30.909263,0,false,91cfa8b257c580a9,2,457,107,48899,438,21,9198,13.276558891454966,438,21,9198,13.276558891454966,2025-04-13T21:18:30.909215
67fbc7c1a9c2c778b4c1dd5c,OCPP/SanKamphaeng6/PowerModule,,,,,,,,,,,,,,,,,,2025-04-13T21:18:41.088167,0,false,7fe62f6a2df11616,2,457,107,48899,438,21,9198,13.276558891454966,438,21,9198,13.276558891454966,2025-04-13T21:18:41.088119
67fbc7cba9c2c778b4c1dd75,OCPP/SanKamphaeng6/PowerModule,,,,,,,,,,,,,,,,,,2025-04-13T21:18:51.275125,0,false,fe7c099809112743,2,457,107,48899,438,21,9198,13.276558891454966,438,21,9198,13.276558891454966,2025-04-13T21:18:51.275076
67fbc7d5a9c2c778b4c1dd90,OCPP/SanKamphaeng6/PowerModule,,,,,,,,,,,,,,,,,,2025-04-13T21:19:01.451023,0,false,de78ad0f8405f7f4,2,457,107,48899,438,21,9198,13.276558891454966,438,21,9198,13.276558891454966,2025-04-13T21:19:01.450976
67fbc7dfa9c2c778b4c1ddaa,OCPP/SanKamphaeng6/PowerModule,,,,,,,,,,,,,,,,,,2025-04-13T21:19:11.625342,0,false,2a32ac060afa6c15,2,457,107,48899,438,21,9198,13.276558891454966,438,21,9198,13.276558891454966,2025-04-13T21:19:11.625296
67fbc7e9a9c2c778b4c1ddc6,OCPP/SanKamphaeng6/PowerModule,,,,,,,,,,,,,,,,,,2025-04-13T21:19:21.813100,0,false,5af4b1b0ed868ebf,2,457,107,48899,438,21,9198,13.276558891454966,438,21,9198,13.276558891454966,2025-04-13T21:19:21.813053
67fbc7f4a9c2c778b4c1dde2,OCPP/SanKamphaeng6/PowerModule,,,,,,,,,,,,,,,,,,2025-04-13T21:19:31.997064,0,false,d3a039d0e438e3ce,2,457,107,48899,438,21,9198,13.276558891454966,438,21,9198,13.276558891454966,2025-04-13T21:19:31.997017
67fbc7fea9c2c778b4c1ddf9,OCPP/SanKamphaeng6/PowerModule,,,,,,,,,,,,,,,,,,2025-04-13T21:19:42.170443,0,false,e35d04de7ebb6106,2,457,107,48899,438,21,9198,13.276558891454966,438,21,9198,13.276558891454966,2025-04-13T21:19:42.170394
67fbc808a9c2c778b4c1de11,OCPP/SanKamphaeng6/PowerModule,,,,,,,,,,,,,,,,,,2025-04-13T21:19:52.355701,0,false,9a7cbb742000f1a6,2,457,107,48899,438,21,9198,13.276558891454966,438,21,9198,13.276558891454966,2025-04-13T21:19:52.355653
67fbc812a9c2c778b4c1de2c,OCPP/SanKamphaeng6/PowerModule,,,,,,,,,,,,,,,,,,2025-04-13T21:20:02.528989,0,false,8857318330b6b841,2,457,107,48899,438,21,9198,13.276558891454966,438,21,9198,13.276558891454966,2025-04-13T21:20:02.528942
67fbc81ca9c2c778b4c1de46,OCPP/SanKamphaeng6/PowerModule,,,,,,,,,,,,,,,,,,2025-04-13T21:20:12.716444,0,false,475944d895f32e89,2,458,107,49006,438,21,9198,13.276558891454966,438,21,9198,13.276558891454966,2025-04-13T21:20:12.716397
67fbc826a9c2c778b4c1de62,OCPP/SanKamphaeng6/PowerModule,,,,,,,,,,,,,,,,,,2025-04-13T21:20:22.876248,0,false,59f117f6e9efe8d2,2,458,107,49006,438,21,9198,13.276558891454966,438,21,9198,13.276558891454966,2025-04-13T21:20:22.876199
67fbc831a9c2c778b4c1de7d,OCPP/SanKamphaeng6/PowerModule,,,,,,,,,,,,,,,,,,2025-04-13T21:20:33.057050,0,false,f2fe14efed967a8e,2,458,107,49006,438,21,9198,13.276558891454966,438,21,9198,13.276558891454966,2025-04-13T21:20:33.057003
67fbc83ba9c2c778b4c1de94,OCPP/SanKamphaeng6/PowerModule,,,,,,,,,,,,,,,,,,2025-04-13T21:20:43.222643,0,false,bdfd7495bcb933cb,2,458,107,49006,438,21,9198,13.276558891454966,438,21,9198,13.276558891454966,2025-04-13T21:20:43.222594
67fbc845a9c2c778b4c1deac,OCPP/SanKamphaeng6/PowerModule,,,,,,,,,,,,,,,,,,2025-04-13T21:20:53.419309,0,false,04147bfed0e62683,2,458,107,49006,438,21,9198,13.276558891454966,438,21,9198,13.276558891454966,2025-04-13T21:20:53.419261
67fbc84fa9c2c778b4c1dec8,OCPP/SanKamphaeng6/PowerModule,,,,,,,,,,,,,,,,,,2025-04-13T21:21:03.619062,0,false,37071ff34a112344,2,458,107,49006,438,21,9198,13.276558891454966,438,21,9198,13.276558891454966,2025-04-13T21:21:03.619014
67fbc859a9c2c778b4c1dee2,OCPP/SanKamphaeng6/PowerModule,,,,,,,,,,,,,,,,,,2025-04-13T21:21:13.801760,0,false,b577c96c960edae8,2,458,107,49006,438,21,9198,13.276558891454966,438,21,9198,13.276558891454966,2025-04-13T21:21:13.801712
67fbc864a9c2c778b4c1defe,OCPP/SanKamphaeng6/PowerModule,,,,,,,,,,,,,,,,,,2025-04-13T21:21:23.974577,0,false,55a685db2e0354e3,2,458,107,49006,438,21,9198,13.276558891454966,438,21,9198,13.276558891454966,2025-04-13T21:21:23.974527
67fbc86ea9c2c778b4c1df19,OCPP/SanKamphaeng6/PowerModule,,,,,,,,,,,,,,,,,,2025-04-13T21:21:34.167002,0,false,8b0daeb048dcf1aa,2,458,107,49006,438,21,9198,13.276558891454966,438,21,9198,13.276558891454966,2025-04-13T21:21:34.166956
67fbc878a9c2c778b4c1df31,OCPP/SanKamphaeng6/PowerModule,,,,,,,,,,,,,,,,,,2025-04-13T21:21:44.352048,0,false,2abd34302073c917,2,458,107,49006,438,21,9198,13.276558891454966,438,21,9198,13.276558891454966,2025-04-13T21:21:44.352000
67fbc882a9c2c778b4c1df49,OCPP/SanKamphaeng6/PowerModule,,,,,,,,,,,,,,,,,,2025-04-13T21:21:54.532429,0,false,2de76383d2d5a6f8,2,458,107,49006,438,21,9198,13.276558891454966,438,21,9198,13.276558891454966,2025-04-13T21:21:54.532380
67fbc88ca9c2c778b4c1df62,OCPP/SanKamphaeng6/PowerModule,,,,,,,,,,,,,,,,,,2025-04-13T21:22:04.715298,0,false,4bfcf4200ba8cfed,2,458,107,49006,438,21,9198,13.276558891454966,438,21,9198,13.276558891454966,2025-04-13T21:22:04.715251
67fbc896a9c2c778b4c1df7f,OCPP/SanKamphaeng6/PowerModule,,,,,,,,,,,,,,,,,,2025-04-13T21:22:14.898444,0,false,f6e7b160c3154b92,2,458,107,49006,438,21,9198,13.276558891454966,438,21,9198,13.276558891454966,2025-04-13T21:22:14.898395
67fbc8a1a9c2c778b4c1df9c,OCPP/SanKamphaeng6/PowerModule,,,,,,,,,,,,,,,,,,2025-04-13T21:22:25.072898,0,false,64c5683751c2e0ea,2,458,107,49006,439,21,9219,13.30687066974596,438,21,9198,13.276558891454966,2025-04-13T21:22:25.072843
67fbc8aba9c2c778b4c1dfb8,OCPP/SanKamphaeng6/PowerModule,,,,,,,,,,,,,,,,,,2025-04-13T21:22:35.259286,0,false,63d37781d60459ed,2,458,107,49006,439,21,9219,13.30687066974596,438,21,9198,13.276558891454966,2025-04-13T21:22:35.259239
67fbc8b5a9c2c778b4c1dfd2,OCPP/SanKamphaeng6/PowerModule,,,,,,,,,,,,,,,,,,2025-04-13T21:22:45.441182,0,false,ad199edf20af8ab6,2,458,107,49006,439,21,9219,13.30687066974596,438,21,9198,13.276558891454966,2025-04-13T21:22:45.441133
67fbc8bfa9c2c778b4c1dfeb,OCPP/SanKamphaeng6/PowerModule,,,,,,,,,,,,,,,,,,2025-04-13T21:22:55.621506,0,false,024b0cb05dd1e969,2,458,107,49006,439,21,9219,13.30687066974596,438,21,9198,13.276558891454966,2025-04-13T21:22:55.621460
67fbc8c9a9c2c778b4c1e005,OCPP/SanKamphaeng6/PowerModule,,,,,,,,,,,,,,,,,,2025-04-13T21:23:05.807685,0,false,71e522c18370a8a3,2,458,95,43510,439,21,9219,13.30687066974596,438,20,8760,12.644341801385682,2025-04-13T21:23:05.807638
67fbc8d4a9c2c778b4c1e020,OCPP/SanKamphaeng6/PowerModule,,,,,,,,,,,,,,,,,,2025-04-13T21:23:15.995669,0,false,dd11da09489e21ad,2,457,95,43415,437,19,8303,11.984699769053119,437,19,8303,11.984699769053119,2025-04-13T21:23:15.995622
67fbc8dea9c2c778b4c1e03c,OCPP/SanKamphaeng6/PowerModule,,,,,,,,,,,,,,,,,,2025-04-13T21:23:26.176482,0,false,6da81026b3cf0dd7,2,457,95,43415,437,19,8303,11.984699769053119,437,19,8303,11.984699769053119,2025-04-13T21:23:26.176432
67fbc8e8a9c2c778b4c1e056,OCPP/SanKamphaeng6/PowerModule,,,,,,,,,,,,,,,,,,2025-04-13T21:23:36.353223,0,false,ad8b94d564cb5592,2,456,95,43320,437,19,8303,11.984699769053119,436,19,8284,11.957274826789838,2025-04-13T21:23:36.353174
67fbc8f2a9c2c778b4c1e06f,OCPP/SanKamphaeng6/PowerModule,,,,,,,,,,,,,,,,,,2025-04-13T21:23:46.544511,0,false,e1c5f6f20e053442,2,456,95,43320,437,19,8303,11.984699769053119,437,19,8303,11.984699769053119,2025-04-13T21:23:46.544462
67fbc8fca9c2c778b4c1e088,OCPP/SanKamphaeng6/PowerModule,,,,,,,,,,,,,,,,,,2025-04-13T21:23:56.729068,0,false,f34e89273756d34b,2,456,95,43320,437,19,8303,11.984699769053119,437,19,8303,11.984699769053119,2025-04-13T21:23:56.729020
67fbc906a9c2c778b4c1e0a2,OCPP/SanKamphaeng6/PowerModule,,,,,,,,,,,,,,,,,,2025-04-13T21:24:06.904779,0,false,cedebe9d0c1fdc86,2,457,95,43415,437,19,8303,11.984699769053119,437,19,8303,11.984699769053119,2025-04-13T21:24:06.904730
67fbc911a9c2c778b4c1e0bd,OCPP/SanKamphaeng6/PowerModule,,,,,,,,,,,,,,,,,,2025-04-13T21:24:17.109891,0,false,87abf2894a40f46d,2,457,95,43415,437,19,8303,11.984699769053119,437,19,8303,11.984699769053119,2025-04-13T21:24:17.109842
67fbc91ba9c2c778b4c1e0d9,OCPP/SanKamphaeng6/PowerModule,,,,,,,,,,,,,,,,,,2025-04-13T21:24:27.287504,0,false,6cc694499f4cc9ff,2,457,95,43415,437,19,8303,11.984699769053119,437,19,8303,11.984699769053119,2025-04-13T21:24:27.287456
67fbc925a9c2c778b4c1e0f4,OCPP/SanKamphaeng6/PowerModule,,,,,,,,,,,,,,,,,,2025-04-13T21:24:37.454158,0,false,4faf3a770856637a,2,457,95,43415,437,19,8303,11.984699769053119,437,19,8303,11.984699769053119,2025-04-13T21:24:37.454108
67fbc92fa9c2c778b4c1e10d,OCPP/SanKamphaeng6/PowerModule,,,,,,,,,,,,,,,,,,2025-04-13T21:24:47.627215,0,false,2fab5efac83fb9fb,2,457,95,43415,437,19,8303,11.984699769053119,437,19,8303,11.984699769053119,2025-04-13T21:24:47.627167
67fbc939a9c2c778b4c1e127,OCPP/SanKamphaeng6/PowerModule,,,,,,,,,,,,,,,,,,2025-04-13T21:24:57.803117,0,false,d1f1e8313b3f7f85,2,457,95,43415,437,19,8303,11.984699769053119,437,19,8303,11.984699769053119,2025-04-13T21:24:57.803068
67fbc944a9c2c778b4c1e13f,OCPP/SanKamphaeng6/PowerModule,,,,,,,,,,,,,,,,,,2025-04-13T21:25:07.982405,0,false,a42a30f667134b2a,2,457,95,43415,437,19,8303,11.984699769053119,437,19,8303,11.984699769053119,2025-04-13T21:25:07.982357
67fbc94ea9c2c778b4c1e159,OCPP/SanKamphaeng6/PowerModule,,,,,,,,,,,,,,,,,,2025-04-13T21:25:18.157837,0,false,1c5438a3ef8e1364,2,457,95,43415,437,19,8303,11.984699769053119,437,19,8303,11.984699769053119,2025-04-13T21:25:18.157787
67fbc958a9c2c778b4c1e176,OCPP/SanKamphaeng6/PowerModule,,,,,,,,,,,,,,,,,,2025-04-13T21:25:28.352131,0,false,39b4912b14e00b52,2,457,95,43415,438,19,8322,12.012124711316398,437,19,8303,11.984699769053119,2025-04-13T21:25:28.352080
67fbc962a9c2c778b4c1e191,OCPP/SanKamphaeng6/PowerModule,,,,,,,,,,,,,,,,,,2025-04-13T21:25:38.527311,0,false,8f66be0c10966c30,2,457,95,43415,438,19,8322,12.012124711316398,437,19,8303,11.984699769053119,2025-04-13T21:25:38.527261
67fbc96ca9c2c778b4c1e1ab,OCPP/SanKamphaeng6/PowerModule,,,,,,,,,,,,,,,,,,2025-04-13T21:25:48.713320,0,false,6f2385ec93cba8cd,2,457,95,43415,438,19,8322,12.012124711316398,437,19,8303,11.984699769053119,2025-04-13T21:25:48.713271
67fbc976a9c2c778b4c1e1c6,OCPP/SanKamphaeng6/PowerModule,,,,,,,,,,,,,,,,,,2025-04-13T21:25:58.886600,0,false,cfea28afb4d8dc2b,2,457,95,43415,438,19,8322,12.012124711316398,437,19,8303,11.984699769053119,2025-04-13T21:25:58.886553
67fbc981a9c2c778b4c1e1dc,OCPP/SanKamphaeng6/PowerModule,,,,,,,,,,,,,,,,,,2025-04-13T21:26:09.072056,0,false,c138a27515817d06,2,457,95,43415,438,19,8322,12.012124711316398,437,19,8303,11.984699769053119,2025-04-13T21:26:09.072008
67fbc98ba9c2c778b4c1e1f7,OCPP/SanKamphaeng6/PowerModule,,,,,,,,,,,,,,,,,,2025-04-13T21:26:19.244432,0,false,ae6231b22647d38b,2,457,95,43415,438,19,8322,12.012124711316398,437,19,8303,11.984699769053119,2025-04-13T21:26:19.244384
67fbc995a9c2c778b4c1e212,OCPP/SanKamphaeng6/PowerModule,,,,,,,,,,,,,,,,,,2025-04-13T21:26:29.433400,0,false,12000d8e67d179f6,2,457,95,43415,438,19,8322,12.012124711316398,437,19,8303,11.984699769053119,2025-04-13T21:26:29.433352
67fbc99fa9c2c778b4c1e22a,OCPP/SanKamphaeng6/PowerModule,,,,,,,,,,,,,,,,,,2025-04-13T21:26:39.613064,0,false,639aa9912be80810,2,457,95,43415,438,19,8322,12.012124711316398,437,19,8303,11.984699769053119,2025-04-13T21:26:39.613016
67fbc9a9a9c2c778b4c1e244,OCPP/SanKamphaeng6/PowerModule,,,,,,,,,,,,,,,,,,2025-04-13T21:26:49.780297,0,false,12144d6c8eebebb6,2,457,95,43415,438,19,8322,12.012124711316398,437,19,8303,11.984699769053119,2025-04-13T21:26:49.780239
67fbc9b4a9c2c778b4c1e25e,OCPP/SanKamphaeng6/PowerModule,,,,,,,,,,,,,,,,,,2025-04-13T21:26:59.977611,0,false,f261eebabf3c9939,2,457,95,43415,438,19,8322,12.012124711316398,437,19,8303,11.984699769053119,2025-04-13T21:26:59.977562
67fbc9bea9c2c778b4c1e273,OCPP/SanKamphaeng6/PowerModule,,,,,,,,,,,,,,,,,,2025-04-13T21:27:10.156105,0,false,43d03f1939078ac7,2,457,95,43415,438,19,8322,12.012124711316398,438,19,8322,12.012124711316398,2025-04-13T21:27:10.156056
67fbc9c8a9c2c778b4c1e28f,OCPP/SanKamphaeng6/PowerModule,,,,,,,,,,,,,,,,,,2025-04-13T21:27:20.334693,0,false,06d9fb4ef93ceda4,2,455,75,34125,435,15,6525,9.418302540415706,435,15,6525,9.418302540415706,2025-04-13T21:27:20.334636
67fbc9d2a9c2c778b4c1e2ab,OCPP/SanKamphaeng6/PowerModule,,,,,,,,,,,,,,,,,,2025-04-13T21:27:30.540632,0,false,22c11ade906778d1,2,454,75,34050,435,15,6525,9.418302540415706,434,15,6510,9.396651270207853,2025-04-13T21:27:30.540582
67fbc9dca9c2c778b4c1e2c5,OCPP/SanKamphaeng6/PowerModule,,,,,,,,,,,,,,,,,,2025-04-13T21:27:40.726246,0,false,1c09ba6f283a5836,2,454,75,34050,435,15,6525,9.418302540415706,434,15,6510,9.396651270207853,2025-04-13T21:27:40.726197
67fbc9e6a9c2c778b4c1e2e1,OCPP/SanKamphaeng6/PowerModule,,,,,,,,,,,,,,,,,,2025-04-13T21:27:50.898723,0,false,ceb4d392e05c8148,2,454,75,34050,435,15,6525,9.418302540415706,434,15,6510,9.396651270207853,2025-04-13T21:27:50.898675
67fbc9f1a9c2c778b4c1e2fe,OCPP/SanKamphaeng6/PowerModule,,,,,,,,,,,,,,,,,,2025-04-13T21:28:01.067827,0,false,f71d5e9556a350a3,2,454,75,34050,435,15,6525,9.418302540415706,434,15,6510,9.396651270207853,2025-04-13T21:28:01.067777
67fbc9fba9c2c778b4c1e315,OCPP/SanKamphaeng6/PowerModule,,,,,,,,,,,,,,,,,,2025-04-13T21:28:11.275172,0,false,aa3bfe70a7bcf259,2,454,75,34050,435,15,6525,9.418302540415706,434,15,6510,9.396651270207853,2025-04-13T21:28:11.275122
67fbca05a9c2c778b4c1e334,OCPP/SanKamphaeng6/PowerModule,,,,,,,,,,,,,,,,,,2025-04-13T21:28:21.453997,0,false,9d0c018bac13c7ad,2,454,75,34050,435,15,6525,9.418302540415706,434,15,6510,9.396651270207853,2025-04-13T21:28:21.453949
67fbca0fa9c2c778b4c1e351,OCPP/SanKamphaeng6/PowerModule,,,,,,,,,,,,,,,,,,2025-04-13T21:28:31.642115,0,false,95a5707ff3fbe666,2,454,75,34050,435,15,6525,9.418302540415706,434,15,6510,9.396651270207853,2025-04-13T21:28:31.642066
67fbca19a9c2c778b4c1e36c,OCPP/SanKamphaeng6/PowerModule,,,,,,,,,,,,,,,,,,2025-04-13T21:28:41.814273,0,false,3715d3c822979118,2,454,75,34050,435,15,6525,9.418302540415706,434,15,6510,9.396651270207853,2025-04-13T21:28:41.814223
67fbca24a9c2c778b4c1e388,OCPP/SanKamphaeng6/PowerModule,,,,,,,,,,,,,,,,,,2025-04-13T21:28:51.990475,0,false,61af7be966e6f34b,2,454,75,34050,435,15,6525,9.418302540415706,434,15,6510,9.396651270207853,2025-04-13T21:28:51.990428
67fbca2ea9c2c778b4c1e3a6,OCPP/SanKamphaeng6/PowerModule,,,,,,,,,,,,,,,,,,2025-04-13T21:29:02.160357,0,false,122263a7b966e2e8,2,454,75,34050,435,15,6525,9.418302540415706,434,15,6510,9.396651270207853,2025-04-13T21:29:02.160309
67fbca38a9c2c778b4c1e3c0,OCPP/SanKamphaeng6/PowerModule,,,,,,,,,,,,,,,,,,2025-04-13T21:29:12.339402,0,false,dd701cc89411a61b,2,454,75,34050,435,15,6525,9.418302540415706,434,15,6510,9.396651270207853,2025-04-13T21:29:12.339353
67fbca42a9c2c778b4c1e3dc,OCPP/SanKamphaeng6/PowerModule,,,,,,,,,,,,,,,,,,2025-04-13T21:29:22.514442,0,false,abef2f287a128663,2,454,75,34050,435,15,6525,9.418302540415706,434,15,6510,9.396651270207853,2025-04-13T21:29:22.514393
67fbca4ca9c2c778b4c1e3fa,OCPP/SanKamphaeng6/PowerModule,,,,,,,,,,,,,,,,,,2025-04-13T21:29:32.701130,0,false,167537bb73c38d49,2,454,75,34050,435,15,6525,9.418302540415706,434,15,6510,9.396651270207853,2025-04-13T21:29:32.701082
67fbca56a9c2c778b4c1e416,OCPP/SanKamphaeng6/PowerModule,,,,,,,,,,,,,,,,,,2025-04-13T21:29:42.873564,0,false,bf9b0b25f8d38372,2,455,75,34125,435,15,6525,9.418302540415706,434,15,6510,9.396651270207853,2025-04-13T21:29:42.873516
67fbca61a9c2c778b4c1e434,OCPP/SanKamphaeng6/PowerModule,,,,,,,,,,,,,,,,,,2025-04-13T21:29:53.044849,0,false,9fbc04767a8a417c,2,455,75,34125,435,15,6525,9.418302540415706,434,15,6510,9.396651270207853,2025-04-13T21:29:53.044799
67fbca6ba9c2c778b4c1e452,OCPP/SanKamphaeng6/PowerModule,,,,,,,,,,,,,,,,,,2025-04-13T21:30:03.221981,0,false,0199253634c6bfae,2,455,75,34125,435,15,6525,9.418302540415706,435,15,6525,9.418302540415706,2025-04-13T21:30:03.221933
67fbca75a9c2c778b4c1e46d,OCPP/SanKamphaeng6/PowerModule,,,,,,,,,,,,,,,,,,2025-04-13T21:30:13.400950,0,false,a7ce17d164d52598,2,455,75,34125,435,15,6525,9.418302540415706,435,15,6525,9.418302540415706,2025-04-13T21:30:13.400898
67fbca7fa9c2c778b4c1e488,OCPP/SanKamphaeng6/PowerModule,,,,,,,,,,,,,,,,,,2025-04-13T21:30:23.586960,0,false,a45c2e574537033a,2,455,75,34125,435,15,6525,9.418302540415706,435,15,6525,9.418302540415706,2025-04-13T21:30:23.586911
67fbca89a9c2c778b4c1e4a7,OCPP/SanKamphaeng6/PowerModule,,,,,,,,,,,,,,,,,,2025-04-13T21:30:33.767038,0,false,a5dc59c90e10821e,2,455,75,34125,435,15,6525,9.418302540415706,435,15,6525,9.418302540415706,2025-04-13T21:30:33.766988
67fbca94a9c2c778b4c1e4c2,OCPP/SanKamphaeng6/PowerModule,,,,,,,,,,,,,,,,,,2025-04-13T21:30:43.947926,0,false,c1a37b0d5d3236c1,2,455,75,34125,435,15,6525,9.418302540415706,435,15,6525,9.418302540415706,2025-04-13T21:30:43.947879
67fbca9ea9c2c778b4c1e4e0,OCPP/SanKamphaeng6/PowerModule,,,,,,,,,,,,,,,,,,2025-04-13T21:30:54.133901,0,false,0e2b42e3d225f8dd,2,455,75,34125,435,15,6525,9.418302540415706,435,15,6525,9.418302540415706,2025-04-13T21:30:54.133854
67fbcaa8a9c2c778b4c1e500,OCPP/SanKamphaeng6/PowerModule,,,,,,,,,,,,,,,,,,2025-04-13T21:31:04.312391,0,false,1fd370a24b32658d,2,455,75,34125,435,15,6525,9.418302540415706,435,15,6525,9.418302540415706,2025-04-13T21:31:04.312341
67fbcab2a9c2c778b4c1e51d,OCPP/SanKamphaeng6/PowerModule,,,,,,,,,,,,,,,,,,2025-04-13T21:31:14.497770,0,false,0d8926893da1e5fd,2,455,75,34125,435,15,6525,9.418302540415706,435,15,6525,9.418302540415706,2025-04-13T21:31:14.497722
67fbcabca9c2c778b4c1e538,OCPP/SanKamphaeng6/PowerModule,,,,,,,,,,,,,,,,,,2025-04-13T21:31:24.678138,0,false,479495fee50893c7,2,455,75,34125,435,15,6525,9.418302540415706,435,15,6525,9.418302540415706,2025-04-13T21:31:24.678090
67fbcac6a9c2c778b4c1e553,OCPP/SanKamphaeng6/PowerModule,,,,,,,,,,,,,,,,,,2025-04-13T21:31:34.842977,0,false,c826637fb36b1506,2,455,75,34125,435,15,6525,9.418302540415706,435,15,6525,9.418302540415706,2025-04-13T21:31:34.842920
67fbcad1a9c2c778b4c1e570,OCPP/SanKamphaeng6/PowerModule,,,,,,,,,,,,,,,,,,2025-04-13T21:31:45.019751,0,false,4cd1db5520f88c57,2,455,75,34125,436,15,6540,9.439953810623557,435,15,6525,9.418302540415706,2025-04-13T21:31:45.019704
67fbcadba9c2c778b4c1e58e,OCPP/SanKamphaeng6/PowerModule,,,,,,,,,,,,,,,,,,2025-04-13T21:31:55.208578,0,false,fd3fd78c89af83e0,2,455,75,34125,436,15,6540,9.439953810623557,435,15,6525,9.418302540415706,2025-04-13T21:31:55.208529
67fbcae5a9c2c778b4c1e5ab,OCPP/SanKamphaeng6/PowerModule,,,,,,,,,,,,,,,,,,2025-04-13T21:32:05.380795,0,false,0aabb4cf4c0854ee,2,455,75,34125,436,15,6540,9.439953810623557,435,15,6525,9.418302540415706,2025-04-13T21:32:05.380745
67fbcaefa9c2c778b4c1e5c3,OCPP/SanKamphaeng6/PowerModule,,,,,,,,,,,,,,,,,,2025-04-13T21:32:15.571397,0,false,7edb2f44a09f1687,2,455,75,34125,436,15,6540,9.439953810623557,435,15,6525,9.418302540415706,2025-04-13T21:32:15.571347
67fbcaf9a9c2c778b4c1e5de,OCPP/SanKamphaeng6/PowerModule,,,,,,,,,,,,,,,,,,2025-04-13T21:32:25.749462,0,false,c6037d49d315bec5,2,455,75,34125,436,15,6540,9.439953810623557,435,15,6525,9.418302540415706,2025-04-13T21:32:25.749414
67fbcb04a9c2c778b4c1e5f6,OCPP/SanKamphaeng6/PowerModule,,,,,,,,,,,,,,,,,,2025-04-13T21:32:35.941942,0,false,66bacc4c81ddb1a1,2,455,75,34125,436,15,6540,9.439953810623557,435,15,6525,9.418302540415706,2025-04-13T21:32:35.941894
67fbcb0ea9c2c778b4c1e611,OCPP/SanKamphaeng6/PowerModule,,,,,,,,,,,,,,,,,,2025-04-13T21:32:46.120405,0,false,681a0694b7e0a40b,2,455,75,34125,436,15,6540,9.439953810623557,435,15,6525,9.418302540415706,2025-04-13T21:32:46.120359
67fbcb18a9c2c778b4c1e62b,OCPP/SanKamphaeng6/PowerModule,,,,,,,,,,,,,,,,,,2025-04-13T21:32:56.297414,0,false,de39c3d045dfa707,2,455,75,34125,436,15,6540,9.439953810623557,436,15,6540,9.439953810623557,2025-04-13T21:32:56.297364
67fbcb22a9c2c778b4c1e646,OCPP/SanKamphaeng6/PowerModule,,,,,,,,,,,,,,,,,,2025-04-13T21:33:06.467410,0,false,8683497aa19daaf0,2,455,75,34125,436,15,6540,9.439953810623557,436,15,6540,9.439953810623557,2025-04-13T21:33:06.467361
67fbcb2ca9c2c778b4c1e65e,OCPP/SanKamphaeng6/PowerModule,,,,,,,,,,,,,,,,,,2025-04-13T21:33:16.644430,0,false,594402a83ce17089,2,455,75,34125,436,15,6540,9.439953810623557,436,15,6540,9.439953810623557,2025-04-13T21:33:16.644381
67fbcb36a9c2c778b4c1e678,OCPP/SanKamphaeng6/PowerModule,,,,,,,,,,,,,,,,,,2025-04-13T21:33:26.820503,0,false,31845def219fa203,2,456,75,34200,436,15,6540,9.439953810623557,436,15,6540,9.439953810623557,2025-04-13T21:33:26.820456
67fbcb41a9c2c778b4c1e690,OCPP/SanKamphaeng6/PowerModule,,,,,,,,,,,,,,,,,,2025-04-13T21:33:37.001816,0,false,aa396312fb7fe579,2,456,75,34200,436,15,6540,9.439953810623557,436,15,6540,9.439953810623557,2025-04-13T21:33:37.001768
67fbcb4ba9c2c778b4c1e6ad,OCPP/SanKamphaeng6/PowerModule,,,,,,,,,,,,,,,,,,2025-04-13T21:33:47.177062,0,false,f58dc6188a5843f9,2,456,75,34200,436,15,6540,9.439953810623557,436,15,6540,9.439953810623557,2025-04-13T21:33:47.177015
67fbcb55a9c2c778b4c1e6ca,OCPP/SanKamphaeng6/PowerModule,,,,,,,,,,,,,,,,,,2025-04-13T21:33:57.366082,0,false,d2537bbc04646e9c,2,456,75,34200,436,15,6540,9.439953810623557,436,15,6540,9.439953810623557,2025-04-13T21:33:57.366033
67fbcb5fa9c2c778b4c1e6e8,OCPP/SanKamphaeng6/PowerModule,,,,,,,,,,,,,,,,,,2025-04-13T21:34:07.549854,0,false,57acca1ccb7f78bd,2,456,75,34200,436,15,6540,9.439953810623557,436,15,6540,9.439953810623557,2025-04-13T21:34:07.549795
67fbcb69a9c2c778b4c1e702,OCPP/SanKamphaeng6/PowerModule,,,,,,,,,,,,,,,,,,2025-04-13T21:34:17.741789,0,false,5812460a85dc6acc,2,456,75,34200,436,15,6540,9.439953810623557,436,15,6540,9.439953810623557,2025-04-13T21:34:17.741740
67fbcb73a9c2c778b4c1e71e,OCPP/SanKamphaeng6/PowerModule,,,,,,,,,,,,,,,,,,2025-04-13T21:34:27.916652,0,false,881d5f860e0843d2,2,456,75,34200,436,15,6540,9.439953810623557,436,15,6540,9.439953810623557,2025-04-13T21:34:27.916604
67fbcb7ea9c2c778b4c1e737,OCPP/SanKamphaeng6/PowerModule,,,,,,,,,,,,,,,,,,2025-04-13T21:34:38.094055,0,false,90e7142b4080b80b,2,456,75,34200,436,15,6540,9.439953810623557,436,15,6540,9.439953810623557,2025-04-13T21:34:38.094001
67fbcb88a9c2c778b4c1e754,OCPP/SanKamphaeng6/PowerModule,,,,,,,,,,,,,,,,,,2025-04-13T21:34:48.283392,0,false,4887fefe3d1e7e0a,2,456,75,34200,437,15,6555,9.46160508083141,436,15,6540,9.439953810623557,2025-04-13T21:34:48.283339
67fbcb92a9c2c778b4c1e773,OCPP/SanKamphaeng6/PowerModule,,,,,,,,,,,,,,,,,,2025-04-13T21:34:58.481796,0,false,d909cd34def12d9e,2,456,75,34200,437,15,6555,9.46160508083141,436,15,6540,9.439953810623557,2025-04-13T21:34:58.481743
67fbcb9ca9c2c778b4c1e792,OCPP/SanKamphaeng6/PowerModule,,,,,,,,,,,,,,,,,,2025-04-13T21:35:08.706702,0,false,d52345e7f99b5817,2,456,75,34200,437,15,6555,9.46160508083141,436,15,6540,9.439953810623557,2025-04-13T21:35:08.706652
67fbcba6a9c2c778b4c1e7ac,OCPP/SanKamphaeng6/PowerModule,,,,,,,,,,,,,,,,,,2025-04-13T21:35:18.879525,0,false,f56dd8d952d21c29,2,456,75,34200,437,15,6555,9.46160508083141,436,15,6540,9.439953810623557,2025-04-13T21:35:18.879475
67fbcbb1a9c2c778b4c1e7c7,OCPP/SanKamphaeng6/PowerModule,,,,,,,,,,,,,,,,,,2025-04-13T21:35:29.058611,0,false,347c1902605b7b17,2,456,75,34200,437,15,6555,9.46160508083141,436,15,6540,9.439953810623557,2025-04-13T21:35:29.058563
67fbcbbba9c2c778b4c1e7e0,OCPP/SanKamphaeng6/PowerModule,,,,,,,,,,,,,,,,,,2025-04-13T21:35:39.238636,0,false,5c151fa5576fe223,2,456,75,34200,437,15,6555,9.46160508083141,436,15,6540,9.439953810623557,2025-04-13T21:35:39.238589
67fbcbc5a9c2c778b4c1e7fb,OCPP/SanKamphaeng6/PowerModule,,,,,,,,,,,,,,,,,,2025-04-13T21:35:49.421535,0,false,99bf4a14960defe9,2,456,75,34200,437,15,6555,9.46160508083141,436,15,6540,9.439953810623557,2025-04-13T21:35:49.421487
67fbcbcfa9c2c778b4c1e818,OCPP/SanKamphaeng6/PowerModule,,,,,,,,,,,,,,,,,,2025-04-13T21:35:59.605786,0,false,3eb04763eb4345d5,2,457,75,34275,437,15,6555,9.46160508083141,436,15,6540,9.439953810623557,2025-04-13T21:35:59.605738
67fbcbd9a9c2c778b4c1e836,OCPP/SanKamphaeng6/PowerModule,,,,,,,,,,,,,,,,,,2025-04-13T21:36:09.792594,0,false,99efd9cbb77a8b9c,2,457,75,34275,437,15,6555,9.46160508083141,436,15,6540,9.439953810623557,2025-04-13T21:36:09.792546
67fbcbe4a9c2c778b4c1e850,OCPP/SanKamphaeng6/PowerModule,,,,,,,,,,,,,,,,,,2025-04-13T21:36:19.957865,0,false,53f815432c0979e7,2,457,75,34275,437,15,6555,9.46160508083141,437,15,6555,9.46160508083141,2025-04-13T21:36:19.957817
67fbcbeea9c2c778b4c1e86d,OCPP/SanKamphaeng6/PowerModule,,,,,,,,,,,,,,,,,,2025-04-13T21:36:30.139610,0,false,5e253814a411f781,2,457,75,34275,437,15,6555,9.46160508083141,437,15,6555,9.46160508083141,2025-04-13T21:36:30.139561
67fbcbf8a9c2c778b4c1e888,OCPP/SanKamphaeng6/PowerModule,,,,,,,,,,,,,,,,,,2025-04-13T21:36:40.323487,0,false,e1a50ff4a1aa6140,2,457,75,34275,437,15,6555,9.46160508083141,437,15,6555,9.46160508083141,2025-04-13T21:36:40.323440
67fbcc02a9c2c778b4c1e8a4,OCPP/SanKamphaeng6/PowerModule,,,,,,,,,,,,,,,,,,2025-04-13T21:36:50.509178,0,false,e2b152ee4d021257,2,457,75,34275,437,15,6555,9.46160508083141,437,15,6555,9.46160508083141,2025-04-13T21:36:50.509129
67fbcc0ca9c2c778b4c1e8c2,OCPP/SanKamphaeng6/PowerModule,,,,,,,,,,,,,,,,,,2025-04-13T21:37:00.683888,0,false,9c7e9efb6f83bd40,2,457,75,34275,438,15,6570,9.483256351039262,437,15,6555,9.46160508083141,2025-04-13T21:37:00.683826
67fbcc16a9c2c778b4c1e8e0,OCPP/SanKamphaeng6/PowerModule,,,,,,,,,,,,,,,,,,2025-04-13T21:37:10.869418,0,false,bf445bbd1f25023d,2,457,75,34275,438,15,6570,9.483256351039262,437,15,6555,9.46160508083141,2025-04-13T21:37:10.869370
67fbcc21a9c2c778b4c1e8fa,OCPP/SanKamphaeng6/PowerModule,,,,,,,,,,,,,,,,,,2025-04-13T21:37:21.057453,0,false,4343ca379864c037,2,457,75,34275,438,15,6570,9.483256351039262,437,15,6555,9.46160508083141,2025-04-13T21:37:21.057404
67fbcc2ba9c2c778b4c1e916,OCPP/SanKamphaeng6/PowerModule,,,,,,,,,,,,,,,,,,2025-04-13T21:37:31.239238,0,false,22d70cf4fe4d4ad0,2,457,75,34275,438,15,6570,9.483256351039262,437,15,6555,9.46160508083141,2025-04-13T21:37:31.239188
67fbcc35a9c2c778b4c1e931,OCPP/SanKamphaeng6/PowerModule,,,,,,,,,,,,,,,,,,2025-04-13T21:37:41.426992,0,false,5edcdbc0eddc4720,2,457,75,34275,438,15,6570,9.483256351039262,438,15,6570,9.483256351039262,2025-04-13T21:37:41.426943
67fbcc3fa9c2c778b4c1e94d,OCPP/SanKamphaeng6/PowerModule,,,,,,,,,,,,,,,,,,2025-04-13T21:37:51.624289,0,false,a8c3e63e0df4d81a,2,458,75,34350,438,15,6570,9.483256351039262,438,15,6570,9.483256351039262,2025-04-13T21:37:51.624230
67fbcc49a9c2c778b4c1e969,OCPP/SanKamphaeng6/PowerModule,,,,,,,,,,,,,,,,,,2025-04-13T21:38:01.817142,0,false,e1f34571f32740c8,2,458,75,34350,438,15,6570,9.483256351039262,438,15,6570,9.483256351039262,2025-04-13T21:38:01.817093
67fbcc54a9c2c778b4c1e986,OCPP/SanKamphaeng6/PowerModule,,,,,,,,,,,,,,,,,,2025-04-13T21:38:12.008311,0,false,9f78af70bb81f09a,2,458,75,34350,438,15,6570,9.483256351039262,438,15,6570,9.483256351039262,2025-04-13T21:38:12.008256
67fbcc5ea9c2c778b4c1e9a1,OCPP/SanKamphaeng6/PowerModule,,,,,,,,,,,,,,,,,,2025-04-13T21:38:22.178151,0,false,8e9942888b055d33,2,458,75,34350,438,15,6570,9.483256351039262,438,15,6570,9.483256351039262,2025-04-13T21:38:22.178101
67fbcc68a9c2c778b4c1e9bd,OCPP/SanKamphaeng6/PowerModule,,,,,,,,,,,,,,,,,,2025-04-13T21:38:32.351606,0,false,0a8fdc5c080d996f,2,458,75,34350,438,15,6570,9.483256351039262,438,15,6570,9.483256351039262,2025-04-13T21:38:32.351556
67fbcc72a9c2c778b4c1e9d8,OCPP/SanKamphaeng6/PowerModule,,,,,,,,,,,,,,,,,,2025-04-13T21:38:42.519074,0,false,201b75fe3f604e1f,2,458,75,34350,439,15,6585,9.504907621247114,438,15,6570,9.483256351039262,2025-04-13T21:38:42.519025
67fbcc7ca9c2c778b4c1e9f3,OCPP/SanKamphaeng6/PowerModule,,,,,,,,,,,,,,,,,,2025-04-13T21:38:52.692020,0,false,4867727ce81637e5,2,458,75,34350,439,15,6585,9.504907621247114,438,15,6570,9.483256351039262,2025-04-13T21:38:52.691972
67fbcc86a9c2c778b4c1ea10,OCPP/SanKamphaeng6/PowerModule,,,,,,,,,,,,,,,,,,2025-04-13T21:39:02.868688,0,false,c983b35684bb6eef,2,458,75,34350,439,15,6585,9.504907621247114,438,15,6570,9.483256351039262,2025-04-13T21:39:02.868640
67fbcc91a9c2c778b4c1ea2d,OCPP/SanKamphaeng6/PowerModule,,,,,,,,,,,,,,,,,,2025-04-13T21:39:13.046708,0,false,36ba173ed6117114,2,458,75,34350,439,15,6585,9.504907621247114,438,15,6570,9.483256351039262,2025-04-13T21:39:13.046659
67fbcc9ba9c2c778b4c1ea48,OCPP/SanKamphaeng6/PowerModule,,,,,,,,,,,,,,,,,,2025-04-13T21:39:23.242193,0,false,6687ff57d74f04df,2,459,75,34425,439,15,6585,9.504907621247114,438,15,6570,9.483256351039262,2025-04-13T21:39:23.242146
67fbcca5a9c2c778b4c1ea65,OCPP/SanKamphaeng6/PowerModule,,,,,,,,,,,,,,,,,,2025-04-13T21:39:33.417711,0,false,eb4f65f968cf9f47,2,459,75,34425,439,15,6585,9.504907621247114,439,15,6585,9.504907621247114,2025-04-13T21:39:33.417663
67fbccafa9c2c778b4c1ea81,OCPP/SanKamphaeng6/PowerModule,,,,,,,,,,,,,,,,,,2025-04-13T21:39:43.597914,0,false,b12c7648d8653020,2,459,75,34425,439,15,6585,9.504907621247114,439,15,6585,9.504907621247114,2025-04-13T21:39:43.597867
67fbccbaa9c2c778b4c1ea9e,OCPP/SanKamphaeng6/PowerModule,,,,,,,,,,,,,,,,,,2025-04-13T21:39:53.782770,0,false,b78706ecfe4f86b5,2,459,75,34425,440,15,6600,9.526558891454966,439,15,6585,9.504907621247114,2025-04-13T21:39:53.782723
67fbccc4a9c2c778b4c1eabb,OCPP/SanKamphaeng6/PowerModule,,,,,,,,,,,,,,,,,,2025-04-13T21:40:03.960657,0,false,e5306e8fdb4670b1,2,459,75,34425,440,15,6600,9.526558891454966,439,15,6585,9.504907621247114,2025-04-13T21:40:03.960609
67fbcccea9c2c778b4c1ead7,OCPP/SanKamphaeng6/PowerModule,,,,,,,,,,,,,,,,,,2025-04-13T21:40:14.134871,0,false,6501f1fb69db8118,2,459,75,34425,440,15,6600,9.526558891454966,439,15,6585,9.504907621247114,2025-04-13T21:40:14.134823
67fbccd8a9c2c778b4c1eaf3,OCPP/SanKamphaeng6/PowerModule,,,,,,,,,,,,,,,,,,2025-04-13T21:40:24.313678,0,false,2cfea8161c1dfb46,2,460,75,34500,440,15,6600,9.526558891454966,439,15,6585,9.504907621247114,2025-04-13T21:40:24.313621
67fbcce2a9c2c778b4c1eb11,OCPP/SanKamphaeng6/PowerModule,,,,,,,,,,,,,,,,,,2025-04-13T21:40:34.495505,0,false,1580b71d14a811d5,2,460,75,34500,440,15,6600,9.526558891454966,440,15,6600,9.526558891454966,2025-04-13T21:40:34.495458
67fbcceca9c2c778b4c1eb2c,OCPP/SanKamphaeng6/PowerModule,,,,,,,,,,,,,,,,,,2025-04-13T21:40:44.669908,0,false,593dc5086cf87329,2,460,75,34500,440,15,6600,9.526558891454966,440,15,6600,9.526558891454966,2025-04-13T21:40:44.669859
67fbccf6a9c2c778b4c1eb48,OCPP/SanKamphaeng6/PowerModule,,,,,,,,,,,,,,,,,,2025-04-13T21:40:54.852399,0,false,ce8a347b2d418fb1,2,460,75,34500,441,15,6615,9.548210161662817,440,15,6600,9.526558891454966,2025-04-13T21:40:54.852352
67fbcd01a9c2c778b4c1eb60,OCPP/SanKamphaeng6/PowerModule,,,,,,,,,,,,,,,,,,2025-04-13T21:41:05.033541,0,false,425b8af19cacd493,2,460,75,34500,441,15,6615,9.548210161662817,440,15,6600,9.526558891454966,2025-04-13T21:41:05.033492
67fbcd0ba9c2c778b4c1eb7c,OCPP/SanKamphaeng6/PowerModule,,,,,,,,,,,,,,,,,,2025-04-13T21:41:15.216242,0,false,5f3e5c51d8c1f1a0,2,461,75,34575,441,15,6615,9.548210161662817,440,15,6600,9.526558891454966,2025-04-13T21:41:15.216194
67fbcd15a9c2c778b4c1eb98,OCPP/SanKamphaeng6/PowerModule,,,,,,,,,,,,,,,,,,2025-04-13T21:41:25.426445,0,false,e4c89b7ce7281425,2,461,75,34575,441,15,6615,9.548210161662817,441,15,6615,9.548210161662817,2025-04-13T21:41:25.426396
67fbcd1fa9c2c778b4c1ebb5,OCPP/SanKamphaeng6/PowerModule,,,,,,,,,,,,,,,,,,2025-04-13T21:41:35.621171,0,false,8321ae534d1ee8a8,2,461,75,34575,442,15,6630,9.56986143187067,441,15,6615,9.548210161662817,2025-04-13T21:41:35.621123
67fbcd29a9c2c778b4c1ebd1,OCPP/SanKamphaeng6/PowerModule,,,,,,,,,,,,,,,,,,2025-04-13T21:41:45.825918,0,false,5eb990415d0da92c,2,461,75,34575,442,15,6630,9.56986143187067,441,15,6615,9.548210161662817,2025-04-13T21:41:45.825867
67fbcd34a9c2c778b4c1ebee,OCPP/SanKamphaeng6/PowerModule,,,,,,,,,,,,,,,,,,2025-04-13T21:41:56.026758,0,false,a5448635665a4b1f,2,462,75,34650,442,15,6630,9.56986143187067,441,15,6615,9.548210161662817,2025-04-13T21:41:56.026709
67fbcd3ea9c2c778b4c1ec08,OCPP/SanKamphaeng6/PowerModule,,,,,,,,,,,,,,,,,,2025-04-13T21:42:06.207230,0,false,7d9afe6048c16634,2,462,75,34650,442,15,6630,9.56986143187067,442,15,6630,9.56986143187067,2025-04-13T21:42:06.207182
67fbcd48a9c2c778b4c1ec26,OCPP/SanKamphaeng6/PowerModule,,,,,,,,,,,,,,,,,,2025-04-13T21:42:16.387710,0,false,9da5c17e3ab6c677,2,462,75,34650,443,15,6645,9.591512702078523,442,15,6630,9.56986143187067,2025-04-13T21:42:16.387660
67fbcd52a9c2c778b4c1ec44,OCPP/SanKamphaeng6/PowerModule,,,,,,,,,,,,,,,,,,2025-04-13T21:42:26.553860,0,false,0c02e8743ecf9a73,2,463,75,34725,443,15,6645,9.591512702078523,443,15,6645,9.591512702078523,2025-04-13T21:42:26.553810
67fbcd5ca9c2c778b4c1ec61,OCPP/SanKamphaeng6/PowerModule,,,,,,,,,,,,,,,,,,2025-04-13T21:42:36.741402,0,false,7c7a749286a264a5,2,463,75,34725,444,15,6660,9.613163972286374,443,15,6645,9.591512702078523,2025-04-13T21:42:36.741354
67fbcd66a9c2c778b4c1ec7e,OCPP/SanKamphaeng6/PowerModule,,,,,,,,,,,,,,,,,,2025-04-13T21:42:46.927113,0,false,856a58982848aa4d,2,463,75,34725,444,15,6660,9.613163972286374,443,15,6645,9.591512702078523,2025-04-13T21:42:46.927065
67fbcd71a9c2c778b4c1ec9b,OCPP/SanKamphaeng6/PowerModule,,,,,,,,,,,,,,,,,,2025-04-13T21:42:57.117124,0,false,4ed96832864760db,2,464,75,34800,444,15,6660,9.613163972286374,444,15,6660,9.613163972286374,2025-04-13T21:42:57.117075
67fbcd7ba9c2c778b4c1ecb6,OCPP/SanKamphaeng6/PowerModule,,,,,,,,,,,,,,,,,,2025-04-13T21:43:07.303984,0,false,0da0f2df54c33916,2,464,75,34800,445,15,6675,9.634815242494227,444,15,6660,9.613163972286374,2025-04-13T21:43:07.303936
67fbcd85a9c2c778b4c1ecd2,OCPP/SanKamphaeng6/PowerModule,,,,,,,,,,,,,,,,,,2025-04-13T21:43:17.485261,0,false,c7a6c4f4fdd84936,2,465,75,34875,446,15,6690,9.65646651270208,445,15,6675,9.634815242494227,2025-04-13T21:43:17.485213
67fbcd8fa9c2c778b4c1ecf1,OCPP/SanKamphaeng6/PowerModule,,,,,,,,,,,,,,,,,,2025-04-13T21:43:27.661831,0,false,b216ffc4dee351f1,2,466,75,34950,446,15,6690,9.65646651270208,446,15,6690,9.65646651270208,2025-04-13T21:43:27.661785
67fbcd99a9c2c778b4c1ed0c,OCPP/SanKamphaeng6/PowerModule,,,,,,,,,,,,,,,,,,2025-04-13T21:43:37.833559,0,false,ae8c92e263719aca,2,467,75,35025,447,15,6705,9.678117782909931,447,15,6705,9.678117782909931,2025-04-13T21:43:37.833510
67fbcda4a9c2c778b4c1ed2a,OCPP/SanKamphaeng6/PowerModule,,,,,,,,,,,,,,,,,,2025-04-13T21:43:48.027267,0,false,3a5a2fb499fdf76b,2,468,75,35100,448,15,6720,9.699769053117784,447,15,6705,9.678117782909931,2025-04-13T21:43:48.027217
67fbcdaea9c2c778b4c1ed48,OCPP/SanKamphaeng6/PowerModule,,,,,,,,,,,,,,,,,,2025-04-13T21:43:58.208478,0,false,f4c3bb58ad1f7854,2,469,75,35175,449,15,6735,9.721420323325635,448,15,6720,9.699769053117784,2025-04-13T21:43:58.208427
67fbcdb8a9c2c778b4c1ed65,OCPP/SanKamphaeng6/PowerModule,,,,,,,,,,,,,,,,,,2025-04-13T21:44:08.389920,0,false,a5409bbb9e3c71d3,2,470,75,35250,450,15,6750,9.743071593533488,449,15,6735,9.721420323325635,2025-04-13T21:44:08.389872
67fbcdc2a9c2c778b4c1ed7f,OCPP/SanKamphaeng6/PowerModule,,,,,,,,,,,,,,,,,,2025-04-13T21:44:18.569828,0,false,35fbdacb0589ec17,2,465,38,17670,445,7,3115,4.496247113163973,445,7,3115,4.496247113163973,2025-04-13T21:44:18.569779
67fbcdcca9c2c778b4c1ed99,OCPP/SanKamphaeng6/PowerModule,,,,,,,,,,,,,,,,,,2025-04-13T21:44:28.747067,0,false,650bb06f11ed0f85,2,463,38,17594,443,7,3101,4.476039260969977,443,7,3101,4.476039260969977,2025-04-13T21:44:28.747019
67fbcdd6a9c2c778b4c1edb5,OCPP/SanKamphaeng6/PowerModule,,,,,,,,,,,,,,,,,,2025-04-13T21:44:38.930898,0,false,928d0befef263b43,2,462,38,17556,443,7,3101,4.476039260969977,442,7,3094,4.465935334872979,2025-04-13T21:44:38.930849
67fbcde1a9c2c778b4c1edcf,OCPP/SanKamphaeng6/PowerModule,,,,,,,,,,,,,,,,,,2025-04-13T21:44:49.124163,0,false,3f715f973711588a,2,462,38,17556,443,7,3101,4.476039260969977,442,7,3094,4.465935334872979,2025-04-13T21:44:49.124114
67fbcdeba9c2c778b4c1edeb,OCPP/SanKamphaeng6/PowerModule,,,,,,,,,,,,,,,,,,2025-04-13T21:44:59.293105,0,false,f2c42d6f8db4eae6,2,463,38,17594,443,7,3101,4.476039260969977,442,7,3094,4.465935334872979,2025-04-13T21:44:59.293054
67fbcdf5a9c2c778b4c1ee06,OCPP/SanKamphaeng6/PowerModule,,,,,,,,,,,,,,,,,,2025-04-13T21:45:09.496741,0,false,cd1c1c4b2588b551,2,464,39,18096,444,7,3108,4.486143187066975,443,7,3101,4.476039260969977,2025-04-13T21:45:09.496690
67fbcdffa9c2c778b4c1ee1d,OCPP/SanKamphaeng6/PowerModule,,,,,,,,,,,,,,,,,,2025-04-13T21:45:19.679205,0,false,590f151cd874f5fb,2,465,39,18135,445,7,3115,4.496247113163973,444,7,3108,4.486143187066975,2025-04-13T21:45:19.679156
67fbce09a9c2c778b4c1ee37,OCPP/SanKamphaeng6/PowerModule,,,,,,,,,,,,,,,,,,2025-04-13T21:45:29.852844,0,false,258ec05fd4bddde7,2,466,39,18174,446,7,3122,4.50635103926097,445,7,3115,4.496247113163973,2025-04-13T21:45:29.852794
67fbce14a9c2c778b4c1ee54,OCPP/SanKamphaeng6/PowerModule,,,,,,,,,,,,,,,,,,2025-04-13T21:45:40.023279,0,false,5f02ab0b9baa55e8,2,468,39,18252,448,7,3136,4.5265588914549655,447,7,3129,4.516454965357968,2025-04-13T21:45:40.023231
67fbce1ea9c2c778b4c1ee6f,OCPP/SanKamphaeng6/PowerModule,,,,,,,,,,,,,,,,,,2025-04-13T21:45:50.239780,0,false,07d8b7071490fcf3,2,468,38,17784,448,7,3136,4.5265588914549655,447,7,3129,4.516454965357968,2025-04-13T21:45:50.239729
67fbce28a9c2c778b4c1ee8a,OCPP/SanKamphaeng6/PowerModule,,,,,,,,,,,,,,,,,,2025-04-13T21:46:00.405577,0,false,3dbe2e1b8b1be5ca,2,467,22,10274,447,4,1788,2.580831408775982,446,4,1784,2.5750577367205545,2025-04-13T21:46:00.405524
67fbce32a9c2c778b4c1eea4,OCPP/SanKamphaeng6/PowerModule,,,,,,,,,,,,,,,,,,2025-04-13T21:46:10.583122,0,false,90bc8df390c3b7cb,2,468,22,10296,447,4,1788,2.580831408775982,447,4,1788,2.580831408775982,2025-04-13T21:46:10.583074
67fbce3ca9c2c778b4c1eebc,OCPP/SanKamphaeng6/PowerModule,,,,,,,,,,,,,,,,,,2025-04-13T21:46:20.762557,0,false,7bf336e0a1ae43ef,2,467,10,4670,447,2,894,1.290415704387991,446,2,892,1.2875288683602772,2025-04-13T21:46:20.762508
67fbce47a9c2c778b4c1eed8,OCPP/SanKamphaeng6/PowerModule,,,,,,,,,,,,,,,,,,2025-04-13T21:46:31.002893,0,false,0dbd8b9e921a2bf2,2,0,0,0,7,0,0,0,7,0,0,0,2025-04-13T21:46:31.002844
